"visitID","pattern","patientgroupID","patientID","resourceID","dayID","timeslotID"
1,99,1,1,6,9,492
2,99,1,1,2,14,104
3,99,1,1,5,4,278
4,97,1,2,6,14,519
5,97,1,2,1,14,40
6,97,1,2,5,9,298
7,80,1,3,6,18,551
8,80,1,3,3,21,155
9,80,1,3,5,15,329
10,79,1,4,6,18,550
11,79,1,4,3,21,153
12,79,1,4,5,16,343
13,78,1,5,6,18,548
14,78,1,5,3,21,152
15,78,1,5,5,16,341
16,77,1,6,6,18,547
17,77,1,6,3,21,151
18,77,1,6,5,16,338
19,76,1,7,6,21,555
20,76,1,7,2,21,117
21,76,1,7,5,18,358
22,75,1,8,6,21,553
23,75,1,8,2,21,114
24,75,1,8,5,18,357
25,49,1,9,6,28,598
26,49,1,9,1,28,80
27,49,1,9,5,25,400
28,48,1,10,6,28,596
29,48,1,10,1,28,78
30,48,1,10,5,25,396
31,158,2,11,4,9,197
32,158,2,11,6,9,491
33,158,2,11,7,3,656
34,158,2,11,2,28,121
35,158,2,11,5,3,269
36,156,2,12,4,10,200
37,156,2,12,6,10,498
38,156,2,12,7,10,689
39,156,2,12,1,28,74
40,156,2,12,5,3,265
41,148,2,13,4,15,209
42,148,2,13,6,15,524
43,148,2,13,7,15,718
44,148,2,13,1,32,92
45,148,2,13,5,10,310
46,122,2,14,4,14,204
47,122,2,14,6,14,517
48,122,2,14,7,10,695
49,122,2,14,1,29,83
50,122,2,14,5,10,305
51,106,2,15,4,7,189
52,106,2,15,6,25,588
53,106,2,15,7,4,664
54,106,2,15,1,25,70
55,106,2,15,5,4,276
56,60,2,16,4,4,186
57,60,2,16,6,4,470
58,60,2,16,7,2,644
59,60,2,16,3,28,173
60,60,2,16,5,2,257
61,59,2,17,4,7,190
62,59,2,17,6,7,473
63,59,2,17,7,4,663
64,59,2,17,3,28,169
65,59,2,17,5,4,277
66,57,2,18,4,8,194
67,57,2,18,6,8,484
68,57,2,18,7,4,660
69,57,2,18,3,28,166
70,57,2,18,5,4,275
71,53,2,19,4,10,198
72,53,2,19,6,11,512
73,53,2,19,7,8,674
74,53,2,19,2,28,124
75,53,2,19,5,8,292
76,51,2,20,4,11,201
77,51,2,20,6,11,509
78,51,2,20,7,9,682
79,51,2,20,2,28,122
80,51,2,20,5,9,297
81,90,3,21,1,15,45
82,90,3,21,5,11,318
83,89,3,22,1,15,43
84,89,3,22,5,11,316
85,70,4,23,1,21,59
86,70,4,23,5,21,366
87,69,3,24,1,21,58
88,69,3,24,5,18,355
89,68,3,25,1,21,57
90,68,3,25,5,21,364
91,67,3,26,1,21,55
92,67,3,26,5,21,361
93,65,3,27,1,22,64
94,65,3,27,5,22,371
95,64,3,28,1,22,63
96,64,3,28,5,22,369
97,62,3,29,3,28,176
98,62,3,29,5,28,402
99,61,3,30,3,28,174
100,61,3,30,5,28,401
101,155,5,31,4,11,203
102,155,5,31,3,28,168
103,155,5,31,5,7,282
104,153,5,32,4,9,195
105,153,5,32,3,28,165
106,153,5,32,5,7,285
107,151,5,33,4,14,206
108,151,5,33,1,29,81
109,151,5,33,5,8,290
110,147,5,34,4,16,212
111,147,5,34,1,32,91
112,147,5,34,5,7,286
113,139,5,35,4,17,215
114,139,5,35,1,32,89
115,139,5,35,5,3,272
116,124,5,36,4,17,213
117,124,5,36,1,32,87
118,124,5,36,5,3,266
119,74,5,37,4,3,185
120,74,5,37,2,21,112
121,74,5,37,5,1,252
122,73,5,38,4,3,184
123,73,5,38,2,21,111
124,73,5,38,5,1,249
125,72,5,39,4,4,188
126,72,5,39,2,21,109
127,72,5,39,5,2,263
128,71,5,40,4,4,187
129,71,5,40,1,21,60
130,71,5,40,5,2,262
